
<edmx:Edmx Version="1.0" xmlns:edmx="http://schemas.microsoft.com/ado/2007/06/edmx" xmlns:m="http://schemas.microsoft.com/ado/2007/08/dataservices/metadata" xmlns:sap="http://www.sap.com/Protocols/SAPData">
  <edmx:Reference Uri="https://sap.github.io/odata-vocabularies/vocabularies/Common.xml" xmlns:edmx="http://docs.oasis-open.org/odata/ns/edmx">
    <edmx:Include Alias="Common" Namespace="com.sap.vocabularies.Common.v1"/>
  </edmx:Reference>
  <edmx:Reference Uri="https://oasis-tcs.github.io/odata-vocabularies/vocabularies/Org.OData.Core.V1.xml" xmlns:edmx="http://docs.oasis-open.org/odata/ns/edmx">
    <edmx:Include Alias="Core" Namespace="Org.OData.Core.V1"/>
  </edmx:Reference>
  <edmx:Reference Uri="https://sap.github.io/odata-vocabularies/vocabularies/UI.xml" xmlns:edmx="http://docs.oasis-open.org/odata/ns/edmx">
    <edmx:Include Alias="UI" Namespace="com.sap.vocabularies.UI.v1"/>
  </edmx:Reference>
  <edmx:DataServices m:DataServiceVersion="2.0">
    <Schema Namespace="PubblicationService" xmlns="http://schemas.microsoft.com/ado/2008/09/edm">
      <EntityContainer Name="EntityContainer" m:IsDefaultEntityContainer="true">
        <EntitySet Name="Attachments" EntityType="PubblicationService.Attachments"/>
        <EntitySet Name="PubblicationType" EntityType="PubblicationService.PubblicationType"/>
        <EntitySet Name="PubblicationType_texts" EntityType="PubblicationService.PubblicationType_texts"/>
        <EntitySet Name="Pubblications" EntityType="PubblicationService.Pubblications"/>
        <EntitySet Name="SFJobInfo" EntityType="PubblicationService.SFJobInfo"/>
        <EntitySet Name="SFLocationInfo" EntityType="PubblicationService.SFLocationInfo"/>
        <EntitySet Name="SFUserInfo" EntityType="PubblicationService.SFUserInfo"/>
        <AssociationSet Name="Attachments_pubblication" Association="PubblicationService.Attachments_pubblication">
          <End Role="Attachments" EntitySet="Attachments"/>
          <End Role="Pubblications" EntitySet="Pubblications"/>
        </AssociationSet>
        <AssociationSet Name="PubblicationType_texts_1" Association="PubblicationService.PubblicationType_texts_1">
          <End Role="PubblicationType" EntitySet="PubblicationType"/>
          <End Role="PubblicationType_texts" EntitySet="PubblicationType_texts"/>
        </AssociationSet>
        <AssociationSet Name="PubblicationType_localized" Association="PubblicationService.PubblicationType_localized">
          <End Role="PubblicationType" EntitySet="PubblicationType"/>
          <End Role="PubblicationType_texts" EntitySet="PubblicationType_texts"/>
        </AssociationSet>
        <AssociationSet Name="Pubblications_type" Association="PubblicationService.Pubblications_type">
          <End Role="Pubblications" EntitySet="Pubblications"/>
          <End Role="PubblicationType" EntitySet="PubblicationType"/>
        </AssociationSet>
      </EntityContainer>
      <EntityType Name="Attachments" m:HasStream="true">
        <Key>
          <PropertyRef Name="ID"/>
        </Key>
        <Property Name="ID" Type="Edm.Guid" Nullable="false"/>
        <Property Name="createdAt" Type="Edm.DateTimeOffset" Precision="7"/>
        <Property Name="createdBy" Type="Edm.String" MaxLength="255"/>
        <Property Name="modifiedAt" Type="Edm.DateTimeOffset" Precision="7"/>
        <Property Name="modifiedBy" Type="Edm.String" MaxLength="255"/>
        <Property Name="name" Type="Edm.String" MaxLength="100"/>
        <NavigationProperty Name="pubblication" Relationship="PubblicationService.Attachments_pubblication" FromRole="Attachments" ToRole="Pubblications"/>
        <Property Name="mimeType" Type="Edm.String" MaxLength="80"/>
        <Property Name="pubblication_ID" Type="Edm.Guid"/>
      </EntityType>
      <EntityType Name="PubblicationType">
        <Key>
          <PropertyRef Name="code"/>
        </Key>
        <Property Name="name" Type="Edm.String" MaxLength="255"/>
        <Property Name="descr" Type="Edm.String" MaxLength="1000"/>
        <Property Name="code" Type="Edm.String" MaxLength="10" Nullable="false"/>
        <NavigationProperty Name="texts" Relationship="PubblicationService.PubblicationType_texts_1" FromRole="PubblicationType" ToRole="PubblicationType_texts"/>
        <NavigationProperty Name="localized" Relationship="PubblicationService.PubblicationType_localized" FromRole="PubblicationType" ToRole="PubblicationType_texts"/>
      </EntityType>
      <EntityType Name="PubblicationType_texts">
        <Key>
          <PropertyRef Name="locale"/>
          <PropertyRef Name="code"/>
        </Key>
        <Property Name="locale" Type="Edm.String" MaxLength="14" Nullable="false"/>
        <Property Name="name" Type="Edm.String" MaxLength="255"/>
        <Property Name="descr" Type="Edm.String" MaxLength="1000"/>
        <Property Name="code" Type="Edm.String" MaxLength="10" Nullable="false"/>
      </EntityType>
      <EntityType Name="Pubblications">
        <Key>
          <PropertyRef Name="ID"/>
        </Key>
        <Property Name="createdAt" Type="Edm.DateTimeOffset" Precision="7"/>
        <Property Name="createdBy" Type="Edm.String" MaxLength="255"/>
        <Property Name="modifiedAt" Type="Edm.DateTimeOffset" Precision="7"/>
        <Property Name="modifiedBy" Type="Edm.String" MaxLength="255"/>
        <Property Name="ID" Type="Edm.Guid" Nullable="false"/>
        <Property Name="title" Type="Edm.String" MaxLength="100"/>
        <Property Name="description" Type="Edm.String" MaxLength="1000"/>
        <Property Name="criticality" Type="Edm.Int32"/>
        <NavigationProperty Name="type" Relationship="PubblicationService.Pubblications_type" FromRole="Pubblications" ToRole="PubblicationType"/>
        <Property Name="notifyUsers" Type="Edm.Boolean"/>
        <Property Name="originalDate" Type="Edm.DateTime" sap:display-format="Date"/>
        <NavigationProperty Name="attachment" Relationship="PubblicationService.Attachments_pubblication" FromRole="Pubblications" ToRole="Attachments"/>
        <Property Name="areaName" Type="Edm.String" MaxLength="100"/>
        <Property Name="type_code" Type="Edm.String" MaxLength="10"/>
        <Property Name="area_id" Type="Edm.String" MaxLength="20"/>
      </EntityType>
      <EntityType Name="SFJobInfo">
        <Key>
          <PropertyRef Name="userId"/>
          <PropertyRef Name="startDate"/>
          <PropertyRef Name="seqNumber"/>
        </Key>
        <Property Name="userId" Type="Edm.String" MaxLength="100" Nullable="false"/>
        <Property Name="startDate" Type="Edm.String" Nullable="false"/>
        <Property Name="seqNumber" Type="Edm.Int64" Nullable="false"/>
        <Property Name="location" Type="Edm.String" MaxLength="128"/>
        <Property Name="department" Type="Edm.String" MaxLength="32"/>
        <Property Name="division" Type="Edm.String" MaxLength="32"/>
        <Property Name="businessUnit" Type="Edm.String" MaxLength="32"/>
        <Property Name="company" Type="Edm.String" MaxLength="32"/>
      </EntityType>
      <EntityType Name="SFLocationInfo">
        <Key>
          <PropertyRef Name="externalCode"/>
          <PropertyRef Name="startDate"/>
        </Key>
        <Property Name="externalCode" Type="Edm.String" MaxLength="32" Nullable="false"/>
        <Property Name="startDate" Type="Edm.String" Nullable="false"/>
        <Property Name="name" Type="Edm.String" MaxLength="32"/>
        <Property Name="description" Type="Edm.String" MaxLength="128"/>
        <Property Name="locationGroup" Type="Edm.String"/>
        <Property Name="locationGroupNav_externalCode" Type="Edm.String" MaxLength="32"/>
        <Property Name="locationGroupNav_startDate" Type="Edm.DateTime" sap:display-format="Date"/>
      </EntityType>
      <EntityType Name="SFUserInfo">
        <Key>
          <PropertyRef Name="userId"/>
        </Key>
        <Property Name="userId" Type="Edm.String" MaxLength="100" Nullable="false"/>
        <Property Name="username" Type="Edm.String" MaxLength="100"/>
        <Property Name="defaultFullName" Type="Edm.String"/>
        <Property Name="location" Type="Edm.String" MaxLength="128"/>
      </EntityType>
      <Association Name="Attachments_pubblication">
        <End Role="Attachments" Type="PubblicationService.Attachments" Multiplicity="*"/>
        <End Role="Pubblications" Type="PubblicationService.Pubblications" Multiplicity="0..1"/>
        <ReferentialConstraint>
          <Principal Role="Pubblications">
            <PropertyRef Name="ID"/>
          </Principal>
          <Dependent Role="Attachments">
            <PropertyRef Name="pubblication_ID"/>
          </Dependent>
        </ReferentialConstraint>
      </Association>
      <Association Name="PubblicationType_texts_1">
        <End Role="PubblicationType" Type="PubblicationService.PubblicationType" Multiplicity="*"/>
        <End Role="PubblicationType_texts" Type="PubblicationService.PubblicationType_texts" Multiplicity="*">
          <OnDelete Action="Cascade"/>
        </End>
      </Association>
      <Association Name="PubblicationType_localized">
        <End Role="PubblicationType" Type="PubblicationService.PubblicationType" Multiplicity="*"/>
        <End Role="PubblicationType_texts" Type="PubblicationService.PubblicationType_texts" Multiplicity="0..1"/>
        <ReferentialConstraint>
          <Principal Role="PubblicationType_texts">
            <PropertyRef Name="code"/>
          </Principal>
          <Dependent Role="PubblicationType">
            <PropertyRef Name="code"/>
          </Dependent>
        </ReferentialConstraint>
      </Association>
      <Association Name="Pubblications_type">
        <End Role="Pubblications" Type="PubblicationService.Pubblications" Multiplicity="*"/>
        <End Role="PubblicationType" Type="PubblicationService.PubblicationType" Multiplicity="0..1"/>
        <ReferentialConstraint>
          <Principal Role="PubblicationType">
            <PropertyRef Name="code"/>
          </Principal>
          <Dependent Role="Pubblications">
            <PropertyRef Name="type_code"/>
          </Dependent>
        </ReferentialConstraint>
      </Association>
      <Annotations Target="PubblicationService.Attachments" xmlns="http://docs.oasis-open.org/odata/ns/edm">
        <Annotation Term="Common.ChangedAt" Path="modifiedAt"/>
        <Annotation Term="Common.ChangedBy" Path="modifiedBy"/>
        <Annotation Term="Common.CreatedAt" Path="createdAt"/>
        <Annotation Term="Common.CreatedBy" Path="createdBy"/>
        <Annotation Term="Common.Heading" String="Allegati"/>
        <Annotation Term="Common.Label" String="Allegati"/>
      </Annotations>
      <Annotations Target="PubblicationService.Attachments/createdAt" xmlns="http://docs.oasis-open.org/odata/ns/edm">
        <Annotation Term="Common.Label" String="Created On"/>
        <Annotation Term="Core.Computed" Bool="true"/>
        <Annotation Term="Core.Immutable" Bool="true"/>
        <Annotation Term="UI.HiddenFilter" Bool="true"/>
      </Annotations>
      <Annotations Target="PubblicationService.Attachments/createdBy" xmlns="http://docs.oasis-open.org/odata/ns/edm">
        <Annotation Term="Common.Label" String="Created By"/>
        <Annotation Term="Core.Computed" Bool="true"/>
        <Annotation Term="Core.Description" String="User's unique ID"/>
        <Annotation Term="Core.Immutable" Bool="true"/>
        <Annotation Term="UI.HiddenFilter" Bool="true"/>
      </Annotations>
      <Annotations Target="PubblicationService.Attachments/modifiedAt" xmlns="http://docs.oasis-open.org/odata/ns/edm">
        <Annotation Term="Common.Label" String="Changed On"/>
        <Annotation Term="Core.Computed" Bool="true"/>
        <Annotation Term="UI.HiddenFilter" Bool="true"/>
      </Annotations>
      <Annotations Target="PubblicationService.Attachments/modifiedBy" xmlns="http://docs.oasis-open.org/odata/ns/edm">
        <Annotation Term="Common.Label" String="Changed By"/>
        <Annotation Term="Core.Computed" Bool="true"/>
        <Annotation Term="Core.Description" String="User's unique ID"/>
        <Annotation Term="UI.HiddenFilter" Bool="true"/>
      </Annotations>
      <Annotations Target="PubblicationService.Attachments/mimeType" xmlns="http://docs.oasis-open.org/odata/ns/edm">
        <Annotation Term="Core.IsMediaType" Bool="true"/>
      </Annotations>
      <Annotations Target="PubblicationService.Attachments/value" xmlns="http://docs.oasis-open.org/odata/ns/edm">
        <Annotation Term="Core.MediaType" Path="mimeType"/>
      </Annotations>
      <Annotations Target="PubblicationService.PubblicationType" xmlns="http://docs.oasis-open.org/odata/ns/edm">
        <Annotation Term="UI.Identification">
          <Collection>
            <Record Type="UI.DataField">
              <PropertyValue Property="Value" Path="name"/>
            </Record>
          </Collection>
        </Annotation>
      </Annotations>
      <Annotations Target="PubblicationService.PubblicationType/name" xmlns="http://docs.oasis-open.org/odata/ns/edm">
        <Annotation Term="Common.Label" String="Name"/>
      </Annotations>
      <Annotations Target="PubblicationService.PubblicationType/descr" xmlns="http://docs.oasis-open.org/odata/ns/edm">
        <Annotation Term="Common.Label" String="Description"/>
      </Annotations>
      <Annotations Target="PubblicationService.PubblicationType_texts/name" xmlns="http://docs.oasis-open.org/odata/ns/edm">
        <Annotation Term="Common.Label" String="Name"/>
      </Annotations>
      <Annotations Target="PubblicationService.PubblicationType_texts/descr" xmlns="http://docs.oasis-open.org/odata/ns/edm">
        <Annotation Term="Common.Label" String="Description"/>
      </Annotations>
      <Annotations Target="PubblicationService.Pubblications" xmlns="http://docs.oasis-open.org/odata/ns/edm">
        <Annotation Term="Common.ChangedAt" Path="modifiedAt"/>
        <Annotation Term="Common.ChangedBy" Path="modifiedBy"/>
        <Annotation Term="Common.CreatedAt" Path="createdAt"/>
        <Annotation Term="Common.CreatedBy" Path="createdBy"/>
        <Annotation Term="Common.Heading" String="pubblicationList"/>
        <Annotation Term="Common.Label" String="pubblicationList"/>
        <Annotation Term="Common.SemanticKey">
          <Collection>
            <PropertyPath>ID</PropertyPath>
          </Collection>
        </Annotation>
      </Annotations>
      <Annotations Target="PubblicationService.Pubblications/createdAt" xmlns="http://docs.oasis-open.org/odata/ns/edm">
        <Annotation Term="Common.Label" String="Created On"/>
        <Annotation Term="Core.Computed" Bool="true"/>
        <Annotation Term="Core.Immutable" Bool="true"/>
        <Annotation Term="UI.HiddenFilter" Bool="true"/>
      </Annotations>
      <Annotations Target="PubblicationService.Pubblications/createdBy" xmlns="http://docs.oasis-open.org/odata/ns/edm">
        <Annotation Term="Common.Label" String="Created By"/>
        <Annotation Term="Core.Computed" Bool="true"/>
        <Annotation Term="Core.Description" String="User's unique ID"/>
        <Annotation Term="Core.Immutable" Bool="true"/>
        <Annotation Term="UI.HiddenFilter" Bool="true"/>
      </Annotations>
      <Annotations Target="PubblicationService.Pubblications/modifiedAt" xmlns="http://docs.oasis-open.org/odata/ns/edm">
        <Annotation Term="Common.Label" String="Changed On"/>
        <Annotation Term="Core.Computed" Bool="true"/>
        <Annotation Term="UI.HiddenFilter" Bool="true"/>
      </Annotations>
      <Annotations Target="PubblicationService.Pubblications/modifiedBy" xmlns="http://docs.oasis-open.org/odata/ns/edm">
        <Annotation Term="Common.Label" String="Changed By"/>
        <Annotation Term="Core.Computed" Bool="true"/>
        <Annotation Term="Core.Description" String="User's unique ID"/>
        <Annotation Term="UI.HiddenFilter" Bool="true"/>
      </Annotations>
      <Annotations Target="PubblicationService.Pubblications/type_code" xmlns="http://docs.oasis-open.org/odata/ns/edm">
        <Annotation Term="Common.ValueList">
          <Record Type="Common.ValueListType">
            <PropertyValue Property="Label" String="PubblicationType"/>
            <PropertyValue Property="CollectionPath" String="PubblicationType"/>
            <PropertyValue Property="Parameters">
              <Collection>
                <Record Type="Common.ValueListParameterInOut">
                  <PropertyValue Property="LocalDataProperty" PropertyPath="type_code"/>
                  <PropertyValue Property="ValueListProperty" String="code"/>
                </Record>
                <Record Type="Common.ValueListParameterDisplayOnly">
                  <PropertyValue Property="ValueListProperty" String="name"/>
                </Record>
              </Collection>
            </PropertyValue>
          </Record>
        </Annotation>
      </Annotations>
    </Schema>
  </edmx:DataServices>
</edmx:Edmx>