
<?xml version="1.0" encoding="utf-8"?>
<edmx:Edmx Version="4.0" xmlns:edmx="http://docs.oasis-open.org/odata/ns/edmx">
  <edmx:Reference Uri="https://oasis-tcs.github.io/odata-vocabularies/vocabularies/Org.OData.Capabilities.V1.xml">
    <edmx:Include Alias="Capabilities" Namespace="Org.OData.Capabilities.V1"/>
  </edmx:Reference>
  <edmx:Reference Uri="https://sap.github.io/odata-vocabularies/vocabularies/Common.xml">
    <edmx:Include Alias="Common" Namespace="com.sap.vocabularies.Common.v1"/>
  </edmx:Reference>
  <edmx:Reference Uri="https://oasis-tcs.github.io/odata-vocabularies/vocabularies/Org.OData.Core.V1.xml">
    <edmx:Include Alias="Core" Namespace="Org.OData.Core.V1"/>
  </edmx:Reference>
  <edmx:Reference Uri="https://sap.github.io/odata-vocabularies/vocabularies/UI.xml">
    <edmx:Include Alias="UI" Namespace="com.sap.vocabularies.UI.v1"/>
  </edmx:Reference>
  <edmx:DataServices>
    <Schema Namespace="AdminService" xmlns="http://docs.oasis-open.org/odata/ns/edm">
      <EntityContainer Name="EntityContainer">
        <EntitySet Name="Areas" EntityType="AdminService.Areas">
          <NavigationPropertyBinding Path="locationGroup" Target="LocationGroups"/>
          <NavigationPropertyBinding Path="pubblications" Target="Pubblications"/>
        </EntitySet>
        <EntitySet Name="Attachments" EntityType="AdminService.Attachments">
          <NavigationPropertyBinding Path="pubblication" Target="Pubblications"/>
          <NavigationPropertyBinding Path="SiblingEntity" Target="Attachments"/>
        </EntitySet>
        <EntitySet Name="LocationGroups" EntityType="AdminService.LocationGroups">
          <NavigationPropertyBinding Path="area" Target="Areas"/>
          <NavigationPropertyBinding Path="locations" Target="Locations"/>
        </EntitySet>
        <EntitySet Name="Locations" EntityType="AdminService.Locations">
          <NavigationPropertyBinding Path="group" Target="LocationGroups"/>
        </EntitySet>
        <EntitySet Name="PubblicationType" EntityType="AdminService.PubblicationType">
          <NavigationPropertyBinding Path="texts" Target="PubblicationType_texts"/>
          <NavigationPropertyBinding Path="localized" Target="PubblicationType_texts"/>
        </EntitySet>
        <EntitySet Name="PubblicationType_texts" EntityType="AdminService.PubblicationType_texts"/>
        <EntitySet Name="Pubblications" EntityType="AdminService.Pubblications">
          <NavigationPropertyBinding Path="type" Target="PubblicationType"/>
          <NavigationPropertyBinding Path="area" Target="Areas"/>
          <NavigationPropertyBinding Path="attachment" Target="Attachments"/>
          <NavigationPropertyBinding Path="SiblingEntity" Target="Pubblications"/>
        </EntitySet>
      </EntityContainer>
      <EntityType Name="Areas">
        <Key>
          <PropertyRef Name="id"/>
        </Key>
        <Property Name="createdAt" Type="Edm.DateTimeOffset" Precision="7"/>
        <Property Name="createdBy" Type="Edm.String" MaxLength="255"/>
        <Property Name="modifiedAt" Type="Edm.DateTimeOffset" Precision="7"/>
        <Property Name="modifiedBy" Type="Edm.String" MaxLength="255"/>
        <Property Name="id" Type="Edm.String" MaxLength="20" Nullable="false"/>
        <Property Name="name" Type="Edm.String" MaxLength="100"/>
        <NavigationProperty Name="locationGroup" Type="Collection(AdminService.LocationGroups)" Partner="area">
          <OnDelete Action="Cascade"/>
        </NavigationProperty>
        <NavigationProperty Name="pubblications" Type="Collection(AdminService.Pubblications)" Partner="area"/>
      </EntityType>
      <EntityType Name="Attachments">
        <Key>
          <PropertyRef Name="ID"/>
          <PropertyRef Name="IsActiveEntity"/>
        </Key>
        <Property Name="ID" Type="Edm.Guid" Nullable="false"/>
        <Property Name="createdAt" Type="Edm.DateTimeOffset" Precision="7"/>
        <Property Name="createdBy" Type="Edm.String" MaxLength="255"/>
        <Property Name="modifiedAt" Type="Edm.DateTimeOffset" Precision="7"/>
        <Property Name="modifiedBy" Type="Edm.String" MaxLength="255"/>
        <Property Name="name" Type="Edm.String" MaxLength="100"/>
        <NavigationProperty Name="pubblication" Type="AdminService.Pubblications" Partner="attachment">
          <ReferentialConstraint Property="pubblication_ID" ReferencedProperty="ID"/>
        </NavigationProperty>
        <Property Name="mimeType" Type="Edm.String" MaxLength="80"/>
        <Property Name="value" Type="Edm.Stream"/>
        <Property Name="attachmentUrl" Type="Edm.String"/>
        <Property Name="pubblication_ID" Type="Edm.Guid"/>
        <Property Name="IsActiveEntity" Type="Edm.Boolean" Nullable="false"/>
        <Property Name="HasActiveEntity" Type="Edm.Boolean" Nullable="false"/>
        <Property Name="HasDraftEntity" Type="Edm.Boolean" Nullable="false"/>
        <NavigationProperty Name="DraftAdministrativeData" Type="AdminService.DraftAdministrativeData" ContainsTarget="true"/>
        <NavigationProperty Name="SiblingEntity" Type="AdminService.Attachments"/>
      </EntityType>
      <EntityType Name="DraftAdministrativeData">
        <Key>
          <PropertyRef Name="DraftUUID"/>
        </Key>
        <Property Name="DraftUUID" Type="Edm.Guid" Nullable="false"/>
        <Property Name="CreationDateTime" Type="Edm.DateTimeOffset" Precision="7"/>
        <Property Name="CreatedByUser" Type="Edm.String" MaxLength="256"/>
        <Property Name="DraftIsCreatedByMe" Type="Edm.Boolean"/>
        <Property Name="LastChangeDateTime" Type="Edm.DateTimeOffset" Precision="7"/>
        <Property Name="LastChangedByUser" Type="Edm.String" MaxLength="256"/>
        <Property Name="InProcessByUser" Type="Edm.String" MaxLength="256"/>
        <Property Name="DraftIsProcessedByMe" Type="Edm.Boolean"/>
      </EntityType>
      <EntityType Name="LocationGroups">
        <Key>
          <PropertyRef Name="id"/>
        </Key>
        <Property Name="createdAt" Type="Edm.DateTimeOffset" Precision="7"/>
        <Property Name="createdBy" Type="Edm.String" MaxLength="255"/>
        <Property Name="modifiedAt" Type="Edm.DateTimeOffset" Precision="7"/>
        <Property Name="modifiedBy" Type="Edm.String" MaxLength="255"/>
        <Property Name="id" Type="Edm.String" MaxLength="20" Nullable="false"/>
        <NavigationProperty Name="area" Type="AdminService.Areas" Partner="locationGroup">
          <ReferentialConstraint Property="area_id" ReferencedProperty="id"/>
        </NavigationProperty>
        <Property Name="name" Type="Edm.String"/>
        <NavigationProperty Name="locations" Type="Collection(AdminService.Locations)" Partner="group">
          <OnDelete Action="Cascade"/>
        </NavigationProperty>
        <Property Name="area_id" Type="Edm.String" MaxLength="20"/>
      </EntityType>
      <EntityType Name="Locations">
        <Key>
          <PropertyRef Name="id"/>
        </Key>
        <Property Name="createdAt" Type="Edm.DateTimeOffset" Precision="7"/>
        <Property Name="createdBy" Type="Edm.String" MaxLength="255"/>
        <Property Name="modifiedAt" Type="Edm.DateTimeOffset" Precision="7"/>
        <Property Name="modifiedBy" Type="Edm.String" MaxLength="255"/>
        <Property Name="id" Type="Edm.String" MaxLength="20" Nullable="false"/>
        <Property Name="name" Type="Edm.String"/>
        <NavigationProperty Name="group" Type="AdminService.LocationGroups" Partner="locations">
          <ReferentialConstraint Property="group_id" ReferencedProperty="id"/>
        </NavigationProperty>
        <Property Name="group_id" Type="Edm.String" MaxLength="20"/>
      </EntityType>
      <EntityType Name="PubblicationType">
        <Key>
          <PropertyRef Name="code"/>
        </Key>
        <Property Name="name" Type="Edm.String" MaxLength="255"/>
        <Property Name="descr" Type="Edm.String" MaxLength="1000"/>
        <Property Name="code" Type="Edm.String" MaxLength="10" Nullable="false"/>
        <NavigationProperty Name="texts" Type="Collection(AdminService.PubblicationType_texts)">
          <OnDelete Action="Cascade"/>
        </NavigationProperty>
        <NavigationProperty Name="localized" Type="AdminService.PubblicationType_texts">
          <ReferentialConstraint Property="code" ReferencedProperty="code"/>
        </NavigationProperty>
      </EntityType>
      <EntityType Name="PubblicationType_texts">
        <Key>
          <PropertyRef Name="locale"/>
          <PropertyRef Name="code"/>
        </Key>
        <Property Name="locale" Type="Edm.String" MaxLength="14" Nullable="false"/>
        <Property Name="name" Type="Edm.String" MaxLength="255"/>
        <Property Name="descr" Type="Edm.String" MaxLength="1000"/>
        <Property Name="code" Type="Edm.String" MaxLength="10" Nullable="false"/>
      </EntityType>
      <EntityType Name="Pubblications">
        <Key>
          <PropertyRef Name="ID"/>
          <PropertyRef Name="IsActiveEntity"/>
        </Key>
        <Property Name="createdAt" Type="Edm.DateTimeOffset" Precision="7"/>
        <Property Name="createdBy" Type="Edm.String" MaxLength="255"/>
        <Property Name="modifiedAt" Type="Edm.DateTimeOffset" Precision="7"/>
        <Property Name="modifiedBy" Type="Edm.String" MaxLength="255"/>
        <Property Name="ID" Type="Edm.Guid" Nullable="false"/>
        <Property Name="title" Type="Edm.String" MaxLength="100"/>
        <Property Name="description" Type="Edm.String" MaxLength="1000"/>
        <Property Name="criticality" Type="Edm.Int32"/>
        <NavigationProperty Name="type" Type="AdminService.PubblicationType">
          <ReferentialConstraint Property="type_code" ReferencedProperty="code"/>
        </NavigationProperty>
        <Property Name="notifyUsers" Type="Edm.Boolean"/>
        <NavigationProperty Name="area" Type="AdminService.Areas" Partner="pubblications">
          <ReferentialConstraint Property="area_id" ReferencedProperty="id"/>
        </NavigationProperty>
        <NavigationProperty Name="attachment" Type="Collection(AdminService.Attachments)" Partner="pubblication">
          <OnDelete Action="Cascade"/>
        </NavigationProperty>
        <Property Name="type_code" Type="Edm.String" MaxLength="10"/>
        <Property Name="area_id" Type="Edm.String" MaxLength="20"/>
        <Property Name="IsActiveEntity" Type="Edm.Boolean" Nullable="false"/>
        <Property Name="HasActiveEntity" Type="Edm.Boolean" Nullable="false"/>
        <Property Name="HasDraftEntity" Type="Edm.Boolean" Nullable="false"/>
        <NavigationProperty Name="DraftAdministrativeData" Type="AdminService.DraftAdministrativeData" ContainsTarget="true"/>
        <NavigationProperty Name="SiblingEntity" Type="AdminService.Pubblications"/>
      </EntityType>
      <Action Name="draftPrepare" IsBound="true" EntitySetPath="in">
        <Parameter Name="in" Type="AdminService.Attachments"/>
        <Parameter Name="SideEffectsQualifier" Type="Edm.String"/>
        <ReturnType Type="AdminService.Attachments"/>
      </Action>
      <Action Name="draftPrepare" IsBound="true" EntitySetPath="in">
        <Parameter Name="in" Type="AdminService.Pubblications"/>
        <Parameter Name="SideEffectsQualifier" Type="Edm.String"/>
        <ReturnType Type="AdminService.Pubblications"/>
      </Action>
      <Action Name="draftActivate" IsBound="true" EntitySetPath="in">
        <Parameter Name="in" Type="AdminService.Pubblications"/>
        <ReturnType Type="AdminService.Pubblications"/>
      </Action>
      <Action Name="draftEdit" IsBound="true" EntitySetPath="in">
        <Parameter Name="in" Type="AdminService.Pubblications"/>
        <Parameter Name="PreserveChanges" Type="Edm.Boolean"/>
        <ReturnType Type="AdminService.Pubblications"/>
      </Action>
      <Annotations Target="AdminService.Areas">
        <Annotation Term="Common.ChangedAt" Path="modifiedAt"/>
        <Annotation Term="Common.ChangedBy" Path="modifiedBy"/>
        <Annotation Term="Common.CreatedAt" Path="createdAt"/>
        <Annotation Term="Common.CreatedBy" Path="createdBy"/>
        <Annotation Term="Common.Heading" String="Geographical Areas"/>
        <Annotation Term="Common.Label" String="Geographical Areas"/>
        <Annotation Term="Common.SemanticKey">
          <Collection>
            <PropertyPath>id</PropertyPath>
          </Collection>
        </Annotation>
        <Annotation Term="UI.FieldGroup" Qualifier="AdministrativeData">
          <Record Type="UI.FieldGroupType">
            <PropertyValue Property="Data">
              <Collection>
                <Record Type="UI.DataField">
                  <PropertyValue Property="Value" Path="createdAt"/>
                </Record>
                <Record Type="UI.DataField">
                  <PropertyValue Property="Value" Path="createdBy"/>
                </Record>
              </Collection>
            </PropertyValue>
          </Record>
        </Annotation>
        <Annotation Term="UI.HeaderFacets">
          <Collection>
            <Record Type="UI.ReferenceFacet">
              <PropertyValue Property="Target" AnnotationPath="@UI.FieldGroup#AdministrativeData"/>
            </Record>
          </Collection>
        </Annotation>
        <Annotation Term="UI.HeaderInfo">
          <Record Type="UI.HeaderInfoType">
            <PropertyValue Property="Title">
              <Record Type="UI.DataField">
                <PropertyValue Property="Value" Path="name"/>
              </Record>
            </PropertyValue>
            <PropertyValue Property="TypeName" String="areaType"/>
            <PropertyValue Property="TypeNamePlural" String="areaPluralType"/>
          </Record>
        </Annotation>
        <Annotation Term="UI.Identification">
          <Collection>
            <Record Type="UI.DataField">
              <PropertyValue Property="Value" Path="name"/>
            </Record>
          </Collection>
        </Annotation>
        <Annotation Term="UI.LineItem">
          <Collection>
            <Record Type="UI.DataField">
              <PropertyValue Property="Value" Path="id"/>
            </Record>
            <Record Type="UI.DataField">
              <PropertyValue Property="Value" Path="name"/>
            </Record>
          </Collection>
        </Annotation>
        <Annotation Term="UI.SelectionFields">
          <Collection>
            <PropertyPath>name</PropertyPath>
          </Collection>
        </Annotation>
      </Annotations>
      <Annotations Target="AdminService.Areas/createdAt">
        <Annotation Term="Common.Label" String="Created On"/>
        <Annotation Term="Core.Computed" Bool="true"/>
        <Annotation Term="Core.Immutable" Bool="true"/>
        <Annotation Term="UI.HiddenFilter" Bool="true"/>
      </Annotations>
      <Annotations Target="AdminService.Areas/createdBy">
        <Annotation Term="Common.Label" String="Created By"/>
        <Annotation Term="Core.Computed" Bool="true"/>
        <Annotation Term="Core.Description" String="User's unique ID"/>
        <Annotation Term="Core.Immutable" Bool="true"/>
        <Annotation Term="UI.HiddenFilter" Bool="true"/>
      </Annotations>
      <Annotations Target="AdminService.Areas/modifiedAt">
        <Annotation Term="Common.Label" String="Changed On"/>
        <Annotation Term="Core.Computed" Bool="true"/>
        <Annotation Term="UI.HiddenFilter" Bool="true"/>
      </Annotations>
      <Annotations Target="AdminService.Areas/modifiedBy">
        <Annotation Term="Common.Label" String="Changed By"/>
        <Annotation Term="Core.Computed" Bool="true"/>
        <Annotation Term="Core.Description" String="User's unique ID"/>
        <Annotation Term="UI.HiddenFilter" Bool="true"/>
      </Annotations>
      <Annotations Target="AdminService.Areas/id">
        <Annotation Term="Common.Text" Path="name">
          <Annotation Term="UI.TextArrangement" EnumMember="UI.TextArrangementType/TextLast"/>
        </Annotation>
      </Annotations>
      <Annotations Target="AdminService.Attachments">
        <Annotation Term="Common.ChangedAt" Path="modifiedAt"/>
        <Annotation Term="Common.ChangedBy" Path="modifiedBy"/>
        <Annotation Term="Common.CreatedAt" Path="createdAt"/>
        <Annotation Term="Common.CreatedBy" Path="createdBy"/>
        <Annotation Term="Common.Heading" String="Attachments "/>
        <Annotation Term="Common.Label" String="Attachments "/>
        <Annotation Term="UI.HeaderInfo">
          <Record Type="UI.HeaderInfoType">
            <PropertyValue Property="Title">
              <Record Type="UI.DataField">
                <PropertyValue Property="Value" Path="name"/>
              </Record>
            </PropertyValue>
            <PropertyValue Property="TypeName" String="attachment"/>
            <PropertyValue Property="TypeNamePlural" String="attachmentInfo"/>
          </Record>
        </Annotation>
        <Annotation Term="UI.Identification">
          <Collection>
            <Record Type="UI.DataField">
              <PropertyValue Property="Value" Path="ID"/>
            </Record>
            <Record Type="UI.DataField">
              <PropertyValue Property="Value" Path="name"/>
            </Record>
          </Collection>
        </Annotation>
        <Annotation Term="UI.LineItem">
          <Collection>
            <Record Type="UI.DataFieldWithUrl">
              <PropertyValue Property="Value" Path="name"/>
              <PropertyValue Property="Label" String="attachmentName"/>
              <PropertyValue Property="Url" Path="attachmentUrl"/>
              <PropertyValue Property="UrlContentType" Path="mimeType"/>
            </Record>
            <Record Type="UI.DataField">
              <PropertyValue Property="Value" Path="createdBy"/>
              <PropertyValue Property="Label" String="attachmentAuthor"/>
            </Record>
            <Record Type="UI.DataField">
              <PropertyValue Property="Value" Path="createdAt"/>
              <PropertyValue Property="Label" String="attachmentCreatedAt"/>
            </Record>
          </Collection>
        </Annotation>
      </Annotations>
      <Annotations Target="AdminService.EntityContainer/Attachments">
        <Annotation Term="Common.DraftNode">
          <Record Type="Common.DraftNodeType">
            <PropertyValue Property="PreparationAction" String="AdminService.draftPrepare"/>
          </Record>
        </Annotation>
      </Annotations>
      <Annotations Target="AdminService.Attachments/createdAt">
        <Annotation Term="Common.Label" String="Created On"/>
        <Annotation Term="Core.Computed" Bool="true"/>
        <Annotation Term="Core.Immutable" Bool="true"/>
        <Annotation Term="UI.HiddenFilter" Bool="true"/>
      </Annotations>
      <Annotations Target="AdminService.Attachments/createdBy">
        <Annotation Term="Common.Label" String="Created By"/>
        <Annotation Term="Core.Computed" Bool="true"/>
        <Annotation Term="Core.Description" String="User's unique ID"/>
        <Annotation Term="Core.Immutable" Bool="true"/>
        <Annotation Term="UI.HiddenFilter" Bool="true"/>
      </Annotations>
      <Annotations Target="AdminService.Attachments/modifiedAt">
        <Annotation Term="Common.Label" String="Changed On"/>
        <Annotation Term="Core.Computed" Bool="true"/>
        <Annotation Term="UI.HiddenFilter" Bool="true"/>
      </Annotations>
      <Annotations Target="AdminService.Attachments/modifiedBy">
        <Annotation Term="Common.Label" String="Changed By"/>
        <Annotation Term="Core.Computed" Bool="true"/>
        <Annotation Term="Core.Description" String="User's unique ID"/>
        <Annotation Term="UI.HiddenFilter" Bool="true"/>
      </Annotations>
      <Annotations Target="AdminService.Attachments/mimeType">
        <Annotation Term="Core.IsMediaType" Bool="true"/>
      </Annotations>
      <Annotations Target="AdminService.Attachments/value">
        <Annotation Term="Core.MediaType" Path="mimeType"/>
      </Annotations>
      <Annotations Target="AdminService.Attachments/attachmentUrl">
        <Annotation Term="Core.Computed" Bool="true"/>
      </Annotations>
      <Annotations Target="AdminService.Attachments/IsActiveEntity">
        <Annotation Term="UI.Hidden" Bool="true"/>
      </Annotations>
      <Annotations Target="AdminService.Attachments/HasActiveEntity">
        <Annotation Term="UI.Hidden" Bool="true"/>
      </Annotations>
      <Annotations Target="AdminService.Attachments/HasDraftEntity">
        <Annotation Term="UI.Hidden" Bool="true"/>
      </Annotations>
      <Annotations Target="AdminService.Attachments/DraftAdministrativeData">
        <Annotation Term="UI.Hidden" Bool="true"/>
      </Annotations>
      <Annotations Target="AdminService.DraftAdministrativeData">
        <Annotation Term="Common.Label" String="Draft Administrative Data"/>
      </Annotations>
      <Annotations Target="AdminService.DraftAdministrativeData/DraftUUID">
        <Annotation Term="Common.Label" String="Draft (Technical ID)"/>
        <Annotation Term="UI.Hidden" Bool="true"/>
      </Annotations>
      <Annotations Target="AdminService.DraftAdministrativeData/CreationDateTime">
        <Annotation Term="Common.Label" String="Draft Created On"/>
      </Annotations>
      <Annotations Target="AdminService.DraftAdministrativeData/CreatedByUser">
        <Annotation Term="Common.Label" String="Draft Created By"/>
      </Annotations>
      <Annotations Target="AdminService.DraftAdministrativeData/DraftIsCreatedByMe">
        <Annotation Term="Common.Label" String="Draft Created By Me"/>
        <Annotation Term="UI.Hidden" Bool="true"/>
      </Annotations>
      <Annotations Target="AdminService.DraftAdministrativeData/LastChangeDateTime">
        <Annotation Term="Common.Label" String="Draft Last Changed On"/>
      </Annotations>
      <Annotations Target="AdminService.DraftAdministrativeData/LastChangedByUser">
        <Annotation Term="Common.Label" String="Draft Last Changed By"/>
      </Annotations>
      <Annotations Target="AdminService.DraftAdministrativeData/InProcessByUser">
        <Annotation Term="Common.Label" String="Draft In Process By"/>
      </Annotations>
      <Annotations Target="AdminService.DraftAdministrativeData/DraftIsProcessedByMe">
        <Annotation Term="Common.Label" String="Draft In Process By Me"/>
        <Annotation Term="UI.Hidden" Bool="true"/>
      </Annotations>
      <Annotations Target="AdminService.LocationGroups">
        <Annotation Term="Common.ChangedAt" Path="modifiedAt"/>
        <Annotation Term="Common.ChangedBy" Path="modifiedBy"/>
        <Annotation Term="Common.CreatedAt" Path="createdAt"/>
        <Annotation Term="Common.CreatedBy" Path="createdBy"/>
        <Annotation Term="Common.Heading" String="Location Groups "/>
        <Annotation Term="Common.Label" String="Location Groups "/>
      </Annotations>
      <Annotations Target="AdminService.LocationGroups/createdAt">
        <Annotation Term="Common.Label" String="Created On"/>
        <Annotation Term="Core.Computed" Bool="true"/>
        <Annotation Term="Core.Immutable" Bool="true"/>
        <Annotation Term="UI.HiddenFilter" Bool="true"/>
      </Annotations>
      <Annotations Target="AdminService.LocationGroups/createdBy">
        <Annotation Term="Common.Label" String="Created By"/>
        <Annotation Term="Core.Computed" Bool="true"/>
        <Annotation Term="Core.Description" String="User's unique ID"/>
        <Annotation Term="Core.Immutable" Bool="true"/>
        <Annotation Term="UI.HiddenFilter" Bool="true"/>
      </Annotations>
      <Annotations Target="AdminService.LocationGroups/modifiedAt">
        <Annotation Term="Common.Label" String="Changed On"/>
        <Annotation Term="Core.Computed" Bool="true"/>
        <Annotation Term="UI.HiddenFilter" Bool="true"/>
      </Annotations>
      <Annotations Target="AdminService.LocationGroups/modifiedBy">
        <Annotation Term="Common.Label" String="Changed By"/>
        <Annotation Term="Core.Computed" Bool="true"/>
        <Annotation Term="Core.Description" String="User's unique ID"/>
        <Annotation Term="UI.HiddenFilter" Bool="true"/>
      </Annotations>
      <Annotations Target="AdminService.Locations">
        <Annotation Term="Common.ChangedAt" Path="modifiedAt"/>
        <Annotation Term="Common.ChangedBy" Path="modifiedBy"/>
        <Annotation Term="Common.CreatedAt" Path="createdAt"/>
        <Annotation Term="Common.CreatedBy" Path="createdBy"/>
        <Annotation Term="Common.Heading" String="Locations"/>
        <Annotation Term="Common.Label" String="Locations"/>
      </Annotations>
      <Annotations Target="AdminService.Locations/createdAt">
        <Annotation Term="Common.Label" String="Created On"/>
        <Annotation Term="Core.Computed" Bool="true"/>
        <Annotation Term="Core.Immutable" Bool="true"/>
        <Annotation Term="UI.HiddenFilter" Bool="true"/>
      </Annotations>
      <Annotations Target="AdminService.Locations/createdBy">
        <Annotation Term="Common.Label" String="Created By"/>
        <Annotation Term="Core.Computed" Bool="true"/>
        <Annotation Term="Core.Description" String="User's unique ID"/>
        <Annotation Term="Core.Immutable" Bool="true"/>
        <Annotation Term="UI.HiddenFilter" Bool="true"/>
      </Annotations>
      <Annotations Target="AdminService.Locations/modifiedAt">
        <Annotation Term="Common.Label" String="Changed On"/>
        <Annotation Term="Core.Computed" Bool="true"/>
        <Annotation Term="UI.HiddenFilter" Bool="true"/>
      </Annotations>
      <Annotations Target="AdminService.Locations/modifiedBy">
        <Annotation Term="Common.Label" String="Changed By"/>
        <Annotation Term="Core.Computed" Bool="true"/>
        <Annotation Term="Core.Description" String="User's unique ID"/>
        <Annotation Term="UI.HiddenFilter" Bool="true"/>
      </Annotations>
      <Annotations Target="AdminService.PubblicationType">
        <Annotation Term="Common.SemanticKey">
          <Collection>
            <PropertyPath>code</PropertyPath>
          </Collection>
        </Annotation>
        <Annotation Term="UI.Identification">
          <Collection>
            <Record Type="UI.DataField">
              <PropertyValue Property="Value" Path="name"/>
            </Record>
          </Collection>
        </Annotation>
        <Annotation Term="UI.LineItem">
          <Collection>
            <Record Type="UI.DataField">
              <PropertyValue Property="Value" Path="code"/>
            </Record>
            <Record Type="UI.DataField">
              <PropertyValue Property="Value" Path="name"/>
            </Record>
          </Collection>
        </Annotation>
        <Annotation Term="UI.SelectionFields">
          <Collection>
            <PropertyPath>name</PropertyPath>
            <PropertyPath>descr</PropertyPath>
          </Collection>
        </Annotation>
      </Annotations>
      <Annotations Target="AdminService.PubblicationType/name">
        <Annotation Term="Common.Label" String="Name"/>
      </Annotations>
      <Annotations Target="AdminService.PubblicationType/descr">
        <Annotation Term="Common.Label" String="Description"/>
      </Annotations>
      <Annotations Target="AdminService.PubblicationType/code">
        <Annotation Term="Common.Text" Path="name">
          <Annotation Term="UI.TextArrangement" EnumMember="UI.TextArrangementType/TextLast"/>
        </Annotation>
      </Annotations>
      <Annotations Target="AdminService.PubblicationType_texts/name">
        <Annotation Term="Common.Label" String="Name"/>
      </Annotations>
      <Annotations Target="AdminService.PubblicationType_texts/descr">
        <Annotation Term="Common.Label" String="Description"/>
      </Annotations>
      <Annotations Target="AdminService.Pubblications">
        <Annotation Term="Common.ChangedAt" Path="modifiedAt"/>
        <Annotation Term="Common.ChangedBy" Path="modifiedBy"/>
        <Annotation Term="Common.CreatedAt" Path="createdAt"/>
        <Annotation Term="Common.CreatedBy" Path="createdBy"/>
        <Annotation Term="Common.Heading" String="Pubblications"/>
        <Annotation Term="Common.Label" String="Pubblications"/>
        <Annotation Term="Common.SemanticKey">
          <Collection>
            <PropertyPath>ID</PropertyPath>
          </Collection>
        </Annotation>
        <Annotation Term="UI.Facets">
          <Collection>
            <Record Type="UI.ReferenceFacet">
              <PropertyValue Property="Target" AnnotationPath="@UI.FieldGroup#PubblicationDetails"/>
              <PropertyValue Property="Label" String="pubblicationDetails"/>
            </Record>
            <Record Type="UI.ReferenceFacet">
              <PropertyValue Property="Target" AnnotationPath="attachment/@UI.LineItem"/>
              <PropertyValue Property="Label" String="Attachments "/>
            </Record>
          </Collection>
        </Annotation>
        <Annotation Term="UI.FieldGroup" Qualifier="AdminInfo">
          <Record Type="UI.FieldGroupType">
            <PropertyValue Property="Data">
              <Collection>
                <Record Type="UI.DataField">
                  <PropertyValue Property="Value" Path="createdAt"/>
                </Record>
                <Record Type="UI.DataField">
                  <PropertyValue Property="Value" Path="createdBy"/>
                </Record>
              </Collection>
            </PropertyValue>
          </Record>
        </Annotation>
        <Annotation Term="UI.FieldGroup" Qualifier="PubblicationDetails">
          <Record Type="UI.FieldGroupType">
            <PropertyValue Property="Data">
              <Collection>
                <Record Type="UI.DataField">
                  <PropertyValue Property="Value" Path="area_id"/>
                  <PropertyValue Property="Label" String="validFor"/>
                </Record>
                <Record Type="UI.DataField">
                  <PropertyValue Property="Value" Path="notifyUsers"/>
                  <PropertyValue Property="Label" String="notifyUsers"/>
                </Record>
                <Record Type="UI.DataField">
                  <PropertyValue Property="Value" Path="type_code"/>
                  <PropertyValue Property="Label" String="pubblicationType"/>
                </Record>
              </Collection>
            </PropertyValue>
          </Record>
        </Annotation>
        <Annotation Term="UI.HeaderFacets">
          <Collection>
            <Record Type="UI.ReferenceFacet">
              <PropertyValue Property="Target" AnnotationPath="@UI.FieldGroup#AdminInfo"/>
              <PropertyValue Property="Label" String="administrativeInfo"/>
            </Record>
          </Collection>
        </Annotation>
        <Annotation Term="UI.HeaderInfo">
          <Record Type="UI.HeaderInfoType">
            <PropertyValue Property="Description">
              <Record Type="UI.DataField">
                <PropertyValue Property="Value" Path="description"/>
              </Record>
            </PropertyValue>
            <PropertyValue Property="Title">
              <Record Type="UI.DataField">
                <PropertyValue Property="Value" Path="title"/>
              </Record>
            </PropertyValue>
            <PropertyValue Property="TypeName" String="pubblicationType"/>
            <PropertyValue Property="TypeNamePlural" String="pubblicationTypePlural"/>
          </Record>
        </Annotation>
        <Annotation Term="UI.Identification">
          <Collection>
            <Record Type="UI.DataField">
              <PropertyValue Property="Value" Path="title"/>
            </Record>
          </Collection>
        </Annotation>
        <Annotation Term="UI.LineItem">
          <Collection>
            <Record Type="UI.DataField">
              <PropertyValue Property="Value" Path="ID"/>
            </Record>
            <Record Type="UI.DataField">
              <PropertyValue Property="Value" Path="title"/>
            </Record>
            <Record Type="UI.DataField">
              <PropertyValue Property="Value" Path="type/name"/>
            </Record>
            <Record Type="UI.DataField">
              <PropertyValue Property="Value" Path="area/name"/>
            </Record>
            <Record Type="UI.DataField">
              <PropertyValue Property="Value" Path="createdAt"/>
            </Record>
            <Record Type="UI.DataField">
              <PropertyValue Property="Value" Path="createdBy"/>
            </Record>
          </Collection>
        </Annotation>
        <Annotation Term="UI.SelectionFields">
          <Collection>
            <PropertyPath>title</PropertyPath>
            <PropertyPath>type_code</PropertyPath>
            <PropertyPath>area_id</PropertyPath>
          </Collection>
        </Annotation>
      </Annotations>
      <Annotations Target="AdminService.EntityContainer/Pubblications">
        <Annotation Term="Capabilities.DeleteRestrictions">
          <Record Type="Capabilities.DeleteRestrictionsType">
            <PropertyValue Property="Deletable" Bool="true"/>
          </Record>
        </Annotation>
        <Annotation Term="Capabilities.InsertRestrictions">
          <Record Type="Capabilities.InsertRestrictionsType">
            <PropertyValue Property="Insertable" Bool="true"/>
          </Record>
        </Annotation>
        <Annotation Term="Capabilities.UpdateRestrictions">
          <Record Type="Capabilities.UpdateRestrictionsType">
            <PropertyValue Property="Updatable" Bool="true"/>
          </Record>
        </Annotation>
        <Annotation Term="Common.DraftRoot">
          <Record Type="Common.DraftRootType">
            <PropertyValue Property="ActivationAction" String="AdminService.draftActivate"/>
            <PropertyValue Property="EditAction" String="AdminService.draftEdit"/>
            <PropertyValue Property="PreparationAction" String="AdminService.draftPrepare"/>
          </Record>
        </Annotation>
      </Annotations>
      <Annotations Target="AdminService.Pubblications/createdAt">
        <Annotation Term="Common.Label" String="Created On"/>
        <Annotation Term="Core.Computed" Bool="true"/>
        <Annotation Term="Core.Immutable" Bool="true"/>
        <Annotation Term="UI.HiddenFilter" Bool="true"/>
      </Annotations>
      <Annotations Target="AdminService.Pubblications/createdBy">
        <Annotation Term="Common.Label" String="Created By"/>
        <Annotation Term="Core.Computed" Bool="true"/>
        <Annotation Term="Core.Description" String="User's unique ID"/>
        <Annotation Term="Core.Immutable" Bool="true"/>
        <Annotation Term="UI.HiddenFilter" Bool="true"/>
      </Annotations>
      <Annotations Target="AdminService.Pubblications/modifiedAt">
        <Annotation Term="Common.Label" String="Changed On"/>
        <Annotation Term="Core.Computed" Bool="true"/>
        <Annotation Term="UI.HiddenFilter" Bool="true"/>
      </Annotations>
      <Annotations Target="AdminService.Pubblications/modifiedBy">
        <Annotation Term="Common.Label" String="Changed By"/>
        <Annotation Term="Core.Computed" Bool="true"/>
        <Annotation Term="Core.Description" String="User's unique ID"/>
        <Annotation Term="UI.HiddenFilter" Bool="true"/>
      </Annotations>
      <Annotations Target="AdminService.Pubblications/ID">
        <Annotation Term="Common.Label" String="pubblicationId"/>
        <Annotation Term="UI.HiddenFilter" Bool="true"/>
      </Annotations>
      <Annotations Target="AdminService.Pubblications/title">
        <Annotation Term="Common.Label" String="pubblicationTitle"/>
      </Annotations>
      <Annotations Target="AdminService.Pubblications/description">
        <Annotation Term="UI.MultiLineText" Bool="true"/>
      </Annotations>
      <Annotations Target="AdminService.Pubblications/type">
        <Annotation Term="Common.Label" String="pubblicationType"/>
      </Annotations>
      <Annotations Target="AdminService.Pubblications/area">
        <Annotation Term="Common.Label" String="assignedArea"/>
      </Annotations>
      <Annotations Target="AdminService.Pubblications/type_code">
        <Annotation Term="Common.Label" String="pubblicationType"/>
        <Annotation Term="Common.Text" Path="type/name">
          <Annotation Term="UI.TextArrangement" EnumMember="UI.TextArrangementType/TextLast"/>
        </Annotation>
        <Annotation Term="Common.ValueList">
          <Record Type="Common.ValueListType">
            <PropertyValue Property="Label" String="pubblicationType"/>
            <PropertyValue Property="CollectionPath" String="PubblicationType"/>
            <PropertyValue Property="Parameters">
              <Collection>
                <Record Type="Common.ValueListParameterInOut">
                  <PropertyValue Property="LocalDataProperty" PropertyPath="type_code"/>
                  <PropertyValue Property="ValueListProperty" String="code"/>
                </Record>
                <Record Type="Common.ValueListParameterDisplayOnly">
                  <PropertyValue Property="ValueListProperty" String="name"/>
                </Record>
              </Collection>
            </PropertyValue>
          </Record>
        </Annotation>
      </Annotations>
      <Annotations Target="AdminService.Pubblications/area_id">
        <Annotation Term="Common.Label" String="assignedArea"/>
        <Annotation Term="Common.Text" Path="area/name">
          <Annotation Term="UI.TextArrangement" EnumMember="UI.TextArrangementType/TextLast"/>
        </Annotation>
        <Annotation Term="Common.ValueList">
          <Record Type="Common.ValueListType">
            <PropertyValue Property="Label" String="assignedArea"/>
            <PropertyValue Property="CollectionPath" String="Areas"/>
            <PropertyValue Property="Parameters">
              <Collection>
                <Record Type="Common.ValueListParameterInOut">
                  <PropertyValue Property="LocalDataProperty" PropertyPath="area_id"/>
                  <PropertyValue Property="ValueListProperty" String="id"/>
                </Record>
                <Record Type="Common.ValueListParameterDisplayOnly">
                  <PropertyValue Property="ValueListProperty" String="name"/>
                </Record>
              </Collection>
            </PropertyValue>
          </Record>
        </Annotation>
      </Annotations>
      <Annotations Target="AdminService.Pubblications/IsActiveEntity">
        <Annotation Term="UI.Hidden" Bool="true"/>
      </Annotations>
      <Annotations Target="AdminService.Pubblications/HasActiveEntity">
        <Annotation Term="UI.Hidden" Bool="true"/>
      </Annotations>
      <Annotations Target="AdminService.Pubblications/HasDraftEntity">
        <Annotation Term="UI.Hidden" Bool="true"/>
      </Annotations>
      <Annotations Target="AdminService.Pubblications/DraftAdministrativeData">
        <Annotation Term="UI.Hidden" Bool="true"/>
      </Annotations>
    </Schema>
  </edmx:DataServices>
</edmx:Edmx>